Designator,Mid X,Mid Y,Layer,Rotation
C1,105.7000mm,-83.2000mm,Top,270
C2,116.5000mm,-83.4000mm,Top,270
C3,107.4000mm,-74.9000mm,Top,0
C4,106.1000mm,-86.7200mm,Top,90
C7,125.0000mm,-72.4000mm,Top,0
C8,125.0000mm,-87.6000mm,Top,0
C9,132.7500mm,-80.0000mm,Top,90
C10,127.9000mm,-72.2500mm,Top,0
C11,117.9500mm,-87.1000mm,Top,270
C12,140.4000mm,-82.9500mm,Top,270
C13,139.2800mm,-72.4000mm,Top,0
C16,116.8000mm,-78.0500mm,Top,180
C17,104.2000mm,-72.4000mm,Top,0
C18,107.7500mm,-81.9500mm,Top,0
C19,110.0000mm,-80.5500mm,Top,270
C20,110.0000mm,-78.5000mm,Top,90
C21,135.3000mm,-75.7150mm,Top,270
C22,133.1000mm,-75.7150mm,Top,270
C23,134.9500mm,-82.4000mm,Top,0
C24,137.4500mm,-75.7150mm,Top,270
D1,104.9450mm,-80.0000mm,Top,180
D2,105.8000mm,-77.3000mm,Top,0
D4,103.8000mm,-87.2000mm,Top,180
D5,116.6000mm,-75.2000mm,Top,0
D7,116.8950mm,-80.0000mm,Top,180
L1,112.8950mm,-80.0000mm,Top,0
Q1,135.2350mm,-80.0000mm,Top,180
R1,116.4000mm,-86.6200mm,Top,0
R2,110.8000mm,-74.2000mm,Top,180
R3,109.4000mm,-87.2000mm,Top,0
R4,107.3000mm,-86.7200mm,Top,90
R5,139.3000mm,-80.0000mm,Top,0
R6,135.0000mm,-87.2200mm,Top,270
R7,140.4000mm,-86.5000mm,Top,270
R9,139.0000mm,-78.4000mm,Top,180
R10,138.4900mm,-76.9300mm,Top,90
R11,133.2500mm,-85.5000mm,Top,0
R14,119.4000mm,-87.7500mm,Top,90
R15,120.5000mm,-72.4000mm,Top,0
R16,122.6000mm,-72.4000mm,Top,0
R21,135.3000mm,-73.2250mm,Top,270
R22,133.1000mm,-73.2250mm,Top,270
R23,133.2000mm,-83.3000mm,Top,90
R24,137.4500mm,-73.2250mm,Top,270
RH1,151.9800mm,-80.0000mm,Top,0
RH2,154.5800mm,-80.0000mm,Top,0
RH3,157.1800mm,-80.0000mm,Top,0
RH4,159.7800mm,-80.0000mm,Top,0
RH5,162.3800mm,-80.0000mm,Top,0
RH6,164.9800mm,-80.0000mm,Top,0
RH7,167.5800mm,-80.0000mm,Top,0
RH8,170.1800mm,-80.0000mm,Top,0
RH9,172.7800mm,-80.0000mm,Top,0
RH10,175.3800mm,-80.0000mm,Top,0
RH11,177.9800mm,-80.0000mm,Top,0
RH12,180.5800mm,-80.0000mm,Top,0
RH13,183.1800mm,-80.0000mm,Top,0
RH14,185.7800mm,-80.0000mm,Top,0
RH15,188.3800mm,-80.0000mm,Top,0
RH16,190.9800mm,-80.0000mm,Top,0
RH17,193.5800mm,-80.0000mm,Top,0
TH1,172.9800mm,-72.0000mm,Top,0
TH2,197.2600mm,-80.0000mm,Top,0
TH3,172.9800mm,-88.0000mm,Top,0
TH4,139.2500mm,-74.0500mm,Top,0
U1,125.5000mm,-80.0000mm,Top,180
U3,108.0500mm,-80.0000mm,Top,0
U4,138.0000mm,-84.6000mm,Top,0
